Title,Year,Rated,Released,Runtime,Genre,Director,Writer,Actors,Plot,Language,Country,Awards,Poster,Ratings_0_Source,Ratings_0_Value,Ratings_1_Source,Ratings_1_Value,Ratings_2_Source,Ratings_2_Value,Metascore,imdbRating,imdbVotes,imdbID,Type,DVD,BoxOffice,Production,Website,Response
The Dark Knight Rises,2012,PG-13,20-Jul-12,164 min,"Action, Crime, Drama",Christopher Nolan,"Jonathan Nolan, Christopher Nolan, David S. Goyer","Christian Bale, Tom Hardy, Anne Hathaway","Eight years after the Joker's reign of anarchy, Batman, with the help of the enigmatic Catwoman, is forced from his exile to save Gotham City from the brutal guerrilla terrorist Bane.","English, Arabic","United States, United Kingdom",Nominated for 1 BAFTA Film Award39 wins & 103 nominations total,https://m.media-amazon.com/images/M/MV5BMTk4ODQzNDY3Ml5BMl5BanBnXkFtZTcwODA0NTM4Nw@@._V1_SX300.jpg,Internet Movie Database,8.4/10,Rotten Tomatoes,87%,Metacritic,78/100,78,8.4,"1,631,596",tt1345836,movie,4-Dec-12,"$448,149,584 ",,,TRUE
Dr. Strangelove or: How I Learned to Stop Worrying and Love the Bomb,1964,PG,29-Jan-64,95 min,"Comedy, War",Stanley Kubrick,"Stanley Kubrick, Terry Southern, Peter George","Peter Sellers, George C. Scott, Sterling Hayden","An insane American general orders a bombing attack on the Soviet Union, triggering a path to nuclear holocaust that a war room full of politicians and generals frantically tries to stop.","English, Russian","United Kingdom, United States",Nominated for 4 Oscars. 14 wins & 11 nominations total,https://m.media-amazon.com/images/M/MV5BZWI3ZTMxNjctMjdlNS00NmUwLWFiM2YtZDUyY2I3N2MxYTE0XkEyXkFqcGdeQXVyNzkwMjQ5NzM@._V1_SX300.jpg,Internet Movie Database,8.4/10,Rotten Tomatoes,98%,Metacritic,97/100,97,8.4,"477,608",tt0057012,movie,21-Oct-03,"$9,440,272 ",,,TRUE
Spider-Man: Into the Spider-Verse,2018,PG,14-Dec-18,117 min,"Animation, Action, Adventure","Bob Persichetti, Peter Ramsey, Rodney Rothman","Phil Lord, Rodney Rothman","Shameik Moore, Jake Johnson, Hailee Steinfeld","Teen Miles Morales becomes the Spider-Man of his universe, and must join with five spider-powered individuals from other dimensions to stop a threat for all realities.","English, Spanish",United States,Won 1 Oscar. 82 wins & 57 nominations total,https://m.media-amazon.com/images/M/MV5BMjMwNDkxMTgzOF5BMl5BanBnXkFtZTgwNTkwNTQ3NjM@._V1_SX300.jpg,Internet Movie Database,8.4/10,Rotten Tomatoes,97%,Metacritic,87/100,87,8.4,"480,522",tt4633694,movie,19-Mar-19,"$190,241,310 ",,,TRUE
Joker,2019,R,4-Oct-19,122 min,"Crime, Drama, Thriller",Todd Phillips,"Todd Phillips, Scott Silver, Bob Kane","Joaquin Phoenix, Robert De Niro, Zazie Beetz","In Gotham City, mentally troubled comedian Arthur Fleck is disregarded and mistreated by society. He then embarks on a downward spiral of revolution and bloody crime. This path brings him face-to-face with his alter-ego: the Joker.",English,"United States, Canada",Won 2 Oscars. 122 wins & 239 nominations total,https://m.media-amazon.com/images/M/MV5BNGVjNWI4ZGUtNzE0MS00YTJmLWE0ZDctN2ZiYTk2YmI3NTYyXkEyXkFqcGdeQXVyMTkxNjUyNQ@@._V1_SX300.jpg,Internet Movie Database,8.4/10,Rotten Tomatoes,68%,Metacritic,59/100,59,8.4,"1,160,925",tt7286456,movie,3-Oct-19,"$335,477,657 ",,,TRUE
Old Boy,2003,R,21-Nov-03,120 min,"Action, Drama, Mystery",Park Chan-wook,"Garon Tsuchiya, Nobuaki Minegishi, Park Chan-wook","Choi Min-sik, Yoo Ji-Tae, Kang Hye-jeong","After being kidnapped and imprisoned for fifteen years, Oh Dae-Su is released, only to find that he must find his captor in five days.",Korean,South Korea,40 wins & 21 nominations,https://m.media-amazon.com/images/M/MV5BMTI3NTQyMzU5M15BMl5BanBnXkFtZTcwMTM2MjgyMQ@@._V1_SX300.jpg,Internet Movie Database,8.4/10,Rotten Tomatoes,81%,Metacritic,77/100,77,8.4,"558,021",tt0364569,movie,7-Aug-08,"$707,481 ",,,TRUE
Braveheart,1995,R,24-May-95,178 min,"Biography, Drama, History",Mel Gibson,Randall Wallace,"Mel Gibson, Sophie Marceau, Patrick McGoohan",Scottish warrior William Wallace leads his countrymen in a rebellion to free his homeland from the tyranny of King Edward I of England.,"English, French, Latin, Gaelic, Italian",United States,Won 5 Oscars. 33 wins & 34 nominations total,https://m.media-amazon.com/images/M/MV5BMzkzMmU0YTYtOWM3My00YzBmLWI0YzctOGYyNTkwMWE5MTJkXkEyXkFqcGdeQXVyNzkwMjQ5NzM@._V1_SX300.jpg,Internet Movie Database,8.4/10,Rotten Tomatoes,78%,Metacritic,68/100,68,8.4,"1,011,563",tt0112573,movie,19-Sep-06,"$75,609,945 ",,,TRUE
Toy Story,1995,G,22-Nov-95,81 min,"Animation, Adventure, Comedy",John Lasseter,"John Lasseter, Pete Docter, Andrew Stanton","Tom Hanks, Tim Allen, Don Rickles",A cowboy doll is profoundly threatened and jealous when a new spaceman figure supplants him as top toy in a boy's room.,English,United States,Won 1 Oscar. 27 wins & 23 nominations total,https://m.media-amazon.com/images/M/MV5BMDU2ZWJlMjktMTRhMy00ZTA5LWEzNDgtYmNmZTEwZTViZWJkXkEyXkFqcGdeQXVyNDQ2OTk4MzI@._V1_SX300.jpg,Internet Movie Database,8.3/10,Rotten Tomatoes,100%,Metacritic,95/100,95,8.3,"956,380",tt0114709,movie,23-Mar-10,"$223,225,679 ",,,TRUE
Amadeus,1984,PG,19-Sep-84,160 min,"Biography, Drama, Music",Milos Forman,"Peter Shaffer, Zdenek Mahler","F. Murray Abraham, Tom Hulce, Elizabeth Berridge","The life, success and troubles of Wolfgang Amadeus Mozart, as told by Antonio Salieri, the contemporaneous composer who was insanely jealous of Mozart's talent and claimed to have murdered him.","English, Italian, Latin, German","United States, France",Won 8 Oscars. 43 wins & 15 nominations total,https://m.media-amazon.com/images/M/MV5BNWJlNzUzNGMtYTAwMS00ZjI2LWFmNWQtODcxNWUxODA5YmU1XkEyXkFqcGdeQXVyNTIzOTk5ODM@._V1_SX300.jpg,Internet Movie Database,8.4/10,Rotten Tomatoes,93%,Metacritic,88/100,88,8.4,"391,471",tt0086879,movie,24-Sep-02,"$51,973,029 ",,,TRUE
Coco,2017,PG,22-Nov-17,105 min,"Animation, Adventure, Comedy","Lee Unkrich, Adrian Molina","Lee Unkrich, Jason Katz, Matthew Aldrich","Anthony Gonzalez, Gael García Bernal, Benjamin Bratt","Aspiring musician Miguel, confronted with his family's ancestral ban on music, enters the Land of the Dead to find his great-great-grandfather, a legendary singer.","English, Spanish",United States,Won 2 Oscars. 109 wins & 40 nominations total,https://m.media-amazon.com/images/M/MV5BYjQ5NjM0Y2YtNjZkNC00ZDhkLWJjMWItN2QyNzFkMDE3ZjAxXkEyXkFqcGdeQXVyODIxMzk5NjA@._V1_SX300.jpg,Internet Movie Database,8.4/10,Rotten Tomatoes,97%,Metacritic,81/100,81,8.4,"469,282",tt2380307,movie,13-Feb-18,"$210,460,015 ",,,TRUE
Spider-Man: No Way Home,2021,PG-13,17-Dec-21,148 min,"Action, Adventure, Fantasy",Jon Watts,"Chris McKenna, Erik Sommers, Stan Lee","Tom Holland, Zendaya, Benedict Cumberbatch","With Spider-Man's identity now revealed, Peter asks Doctor Strange for help. When a spell goes wrong, dangerous foes from other worlds start to appear, forcing Peter to discover what it truly means to be Spider-Man.",English,United States,Nominated for 1 Oscar. 15 wins & 45 nominations total,https://m.media-amazon.com/images/M/MV5BZWMyYzFjYTYtNTRjYi00OGExLWE2YzgtOGRmYjAxZTU3NzBiXkEyXkFqcGdeQXVyMzQ0MzA0NTM@._V1_SX300.jpg,Internet Movie Database,8.5/10,Rotten Tomatoes,93%,Metacritic,71/100,71,8.5,"555,922",tt10872600,movie,,"$800,588,139 ",,,TRUE
Inglourious Basterds,2009,R,21-Aug-09,153 min,"Adventure, Drama, War",Quentin Tarantino,Quentin Tarantino,"Brad Pitt, Diane Kruger, Eli Roth","In Nazi-occupied France during World War II, a plan to assassinate Nazi leaders by a group of Jewish U.S. soldiers coincides with a theatre owner's vengeful plans for the same.","English, German, French, Italian","Germany, United States",Won 1 Oscar. 133 wins & 172 nominations total,https://m.media-amazon.com/images/M/MV5BOTJiNDEzOWYtMTVjOC00ZjlmLWE0NGMtZmE1OWVmZDQ2OWJhXkEyXkFqcGdeQXVyNTIzOTk5ODM@._V1_SX300.jpg,Internet Movie Database,8.3/10,Rotten Tomatoes,89%,Metacritic,69/100,69,8.3,"1,382,836",tt0361748,movie,15-Dec-09,"$120,540,719 ",,,TRUE
The Boat,1981,R,10-Feb-82,149 min,"Drama, War",Wolfgang Petersen,"Wolfgang Petersen, Lothar G. Buchheim","Jürgen Prochnow, Herbert Grönemeyer, Klaus Wennemann","The claustrophobic world of a WWII German U-boat; boredom, filth and sheer terror.",German,West Germany,Nominated for 6 Oscars. 13 wins & 11 nominations total,https://m.media-amazon.com/images/M/MV5BOGZhZDIzNWMtNjkxMS00MDQ1LThkMTYtZWQzYWU3MWMxMGU5XkEyXkFqcGdeQXVyNjc1NTYyMjg@._V1_SX300.jpg,Internet Movie Database,8.4/10,Rotten Tomatoes,98%,Metacritic,86/100,86,8.4,"245,669",tt0082096,movie,21-Oct-03,"$11,487,676 ",,,TRUE
Avengers: Endgame,2019,PG-13,26-Apr-19,181 min,"Action, Adventure, Drama","Anthony Russo, Joe Russo","Christopher Markus, Stephen McFeely, Stan Lee","Robert Downey Jr., Chris Evans, Mark Ruffalo","After the devastating events of Avengers: Infinity War (2018), the universe is in ruins. With the help of remaining allies, the Avengers assemble once more in order to reverse Thanos' actions and restore balance to the universe.","English, Japanese, Xhosa, German",United States,Nominated for 1 Oscar. 70 wins & 132 nominations total,https://m.media-amazon.com/images/M/MV5BMTc5MDE2ODcwNV5BMl5BanBnXkFtZTgwMzI2NzQ2NzM@._V1_SX300.jpg,Internet Movie Database,8.4/10,Rotten Tomatoes,94%,Metacritic,78/100,78,8.4,"1,030,512",tt4154796,movie,30-Jul-19,"$858,373,000 ",,,TRUE
Princess Mononoke,1997,PG-13,19-Dec-97,134 min,"Animation, Action, Adventure",Hayao Miyazaki,"Hayao Miyazaki, Neil Gaiman","Yôji Matsuda, Yuriko Ishida, Yûko Tanaka","On a journey to find the cure for a Tatarigami's curse, Ashitaka finds himself in the middle of a war between the forest gods and Tatara, a mining colony. In this quest he also meets San, the Mononoke Hime.",Japanese,Japan,14 wins & 7 nominations,https://m.media-amazon.com/images/M/MV5BNGIzY2IzODQtNThmMi00ZDE4LWI5YzAtNzNlZTM1ZjYyYjUyXkEyXkFqcGdeQXVyODEzNjM5OTQ@._V1_SX300.jpg,Internet Movie Database,8.4/10,Rotten Tomatoes,93%,Metacritic,76/100,76,8.4,"377,972",tt0119698,movie,20-Jul-00,"$4,845,631 ",,,TRUE
Once Upon a Time in America,1984,R,1-Jun-84,229 min,"Crime, Drama",Sergio Leone,"Harry Grey, Leonardo Benvenuti, Piero De Bernardi","Robert De Niro, James Woods, Elizabeth McGovern","A former Prohibition-era Jewish gangster returns to the Lower East Side of Manhattan 35 years later, where he must once again confront the ghosts and regrets of his old life.","English, Italian, French, Yiddish, Hebrew","Italy, United States",Won 2 BAFTA Film 12 wins & 12 nominations total,https://m.media-amazon.com/images/M/MV5BMGFkNWI4MTMtNGQ0OC00MWVmLTk3MTktOGYxN2Y2YWVkZWE2XkEyXkFqcGdeQXVyNjU0OTQ0OTY@._V1_SX300.jpg,Internet Movie Database,8.4/10,Rotten Tomatoes,87%,Metacritic,75/100,75,8.4,"340,403",tt0087843,movie,10-Jun-03,"$5,321,508 ",,,TRUE
Good Will Hunting,1997,R,9-Jan-98,126 min,"Drama, Romance",Gus Van Sant,"Matt Damon, Ben Affleck","Robin Williams, Matt Damon, Ben Affleck","Will Hunting, a janitor at M.I.T., has a gift for mathematics, but needs help from a psychologist to find direction in his life.",English,United States,Won 2 Oscars. 24 wins & 61 nominations total,https://m.media-amazon.com/images/M/MV5BOTI0MzcxMTYtZDVkMy00NjY1LTgyMTYtZmUxN2M3NmQ2NWJhXkEyXkFqcGdeQXVyMTQxNzMzNDI@._V1_SX300.jpg,Internet Movie Database,8.3/10,Rotten Tomatoes,98%,Metacritic,70/100,70,8.3,"930,723",tt0119217,movie,8-Dec-98,"$138,433,435 ",,,TRUE
Toy Story 3,2010,G,18-Jun-10,103 min,"Animation, Adventure, Comedy",Lee Unkrich,"John Lasseter, Andrew Stanton, Lee Unkrich","Tom Hanks, Tim Allen, Joan Cusack","The toys are mistakenly delivered to a day-care center instead of the attic right before Andy leaves for college, and it's up to Woody to convince the other toys that they weren't abandoned and to return home.","English, Spanish",United States,Won 2 Oscars. 61 wins & 96 nominations total,https://m.media-amazon.com/images/M/MV5BMTgxOTY4Mjc0MF5BMl5BanBnXkFtZTcwNTA4MDQyMw@@._V1_SX300.jpg,Internet Movie Database,8.3/10,Rotten Tomatoes,98%,Metacritic,92/100,92,8.3,"808,201",tt0435761,movie,2-Nov-10,"$415,004,880 ",,,TRUE
Requiem for a Dream,2000,Unrated,15-Dec-00,102 min,Drama,Darren Aronofsky,"Hubert Selby Jr., Darren Aronofsky","Ellen Burstyn, Jared Leto, Jennifer Connelly",The drug-induced utopias of four Coney Island people are shattered when their addictions run deep.,English,United States,Nominated for 1 Oscar. 37 wins & 70 nominations total,https://m.media-amazon.com/images/M/MV5BOTdiNzJlOWUtNWMwNS00NmFlLWI0YTEtZmI3YjIzZWUyY2Y3XkEyXkFqcGdeQXVyNjU0OTQ0OTY@._V1_SX300.jpg,Internet Movie Database,8.3/10,Rotten Tomatoes,79%,Metacritic,68/100,68,8.3,"815,870",tt0180093,movie,22-May-01,"$3,635,482 ",,,TRUE
3 Idiots,2009,PG-13,25-Dec-09,170 min,"Comedy, Drama",Rajkumar Hirani,"Rajkumar Hirani, Abhijat Joshi, Vidhu Vinod Chopra","Aamir Khan, Madhavan, Mona Singh","Two friends are searching for their long lost companion. They revisit their college days and recall the memories of their friend who inspired them to think differently, even as the rest of the world called them ""idiots"".","Hindi, English",India,63 wins & 27 nominations,https://m.media-amazon.com/images/M/MV5BNTkyOGVjMGEtNmQzZi00NzFlLTlhOWQtODYyMDc2ZGJmYzFhXkEyXkFqcGdeQXVyNjU0OTQ0OTY@._V1_SX300.jpg,Internet Movie Database,8.5/10,Metacritic,67/100,,,67,8.5,"382,526",tt1187043,movie,,"$6,532,874 ",,,TRUE
Your Name.,2016,TV-PG,7-Apr-17,106 min,"Animation, Drama, Fantasy",Makoto Shinkai,"Makoto Shinkai, Clark Cheng","Ryûnosuke Kamiki, Mone Kamishiraishi, Ryô Narita","Two strangers find themselves linked in a bizarre way. When a connection forms, will distance be the only thing to keep them apart?",Japanese,Japan,16 wins & 26 nominations,https://m.media-amazon.com/images/M/MV5BODRmZDVmNzUtZDA4ZC00NjhkLWI2M2UtN2M0ZDIzNDcxYThjL2ltYWdlXkEyXkFqcGdeQXVyNTk0MzMzODA@._V1_SX300.jpg,Internet Movie Database,8.4/10,Rotten Tomatoes,98%,Metacritic,79/100,79,8.4,"244,366",tt5311514,movie,31-Jan-18,"$5,017,246 ",,,TRUE
Singin' in the Rain,1952,G,11-Apr-52,103 min,"Comedy, Musical, Romance","Stanley Donen, Gene Kelly","Betty Comden, Adolph Green","Gene Kelly, Donald O'Connor, Debbie Reynolds",A silent film star falls for a chorus girl just as he and his delusionally jealous screen partner are trying to make the difficult transition to talking pictures in 1920s Hollywood.,English,United States,Nominated for 2 Oscars. 7 wins & 9 nominations total,https://m.media-amazon.com/images/M/MV5BZDRjNGViMjQtOThlMi00MTA3LThkYzQtNzJkYjBkMGE0YzE1XkEyXkFqcGdeQXVyNDYyMDk5MTU@._V1_SX300.jpg,Internet Movie Database,8.3/10,Rotten Tomatoes,100%,Metacritic,99/100,99,8.3,"235,058",tt0045152,movie,24-Sep-02,"$1,884,537 ",,,TRUE
Star Wars: Episode VI - Return of the Jedi,1983,PG,25-May-83,131 min,"Action, Adventure, Fantasy",Richard Marquand,"Lawrence Kasdan, George Lucas","Mark Hamill, Harrison Ford, Carrie Fisher","After a daring mission to rescue Han Solo from Jabba the Hutt, the Rebels dispatch to Endor to destroy the second Death Star. Meanwhile, Luke struggles to help Darth Vader back from the dark side without falling into the Emperor's tr",English,United States,Won 1 Oscar. 23 wins & 20 nominations total,https://m.media-amazon.com/images/M/MV5BOWZlMjFiYzgtMTUzNC00Y2IzLTk1NTMtZmNhMTczNTk0ODk1XkEyXkFqcGdeQXVyNTAyODkwOQ@@._V1_SX300.jpg,Internet Movie Database,8.3/10,Rotten Tomatoes,82%,Metacritic,58/100,58,8.3,"1,014,703",tt0086190,movie,21-Sep-04,"$309,306,177 ",,,TRUE
Reservoir Dogs,1992,R,2-Sep-92,99 min,"Crime, Drama, Thriller",Quentin Tarantino,"Quentin Tarantino, Roger Avary","Harvey Keitel, Tim Roth, Michael Madsen","When a simple jewelry heist goes horribly wrong, the surviving criminals begin to suspect that one of them is a police informant.",English,United States,12 wins & 23 nominations,https://m.media-amazon.com/images/M/MV5BZmExNmEwYWItYmQzOS00YjA5LTk2MjktZjEyZDE1Y2QxNjA1XkEyXkFqcGdeQXVyMTQxNzMzNDI@._V1_SX300.jpg,Internet Movie Database,8.3/10,Rotten Tomatoes,91%,Metacritic,79/100,79,8.3,"984,539",tt0105236,movie,18-Mar-03,"$2,832,029 ",,,TRUE
Eternal Sunshine of the Spotless Mind,2004,R,19-Mar-04,108 min,"Drama, Romance, Sci-Fi",Michel Gondry,"Charlie Kaufman, Michel Gondry, Pierre Bismuth","Jim Carrey, Kate Winslet, Tom Wilkinson","When their relationship turns sour, a couple undergoes a medical procedure to have each other erased from their memories.",English,United States,Won 1 Oscar. 73 wins & 111 nominations total,https://m.media-amazon.com/images/M/MV5BMTY4NzcwODg3Nl5BMl5BanBnXkFtZTcwNTEwOTMyMw@@._V1_SX300.jpg,Internet Movie Database,8.3/10,Rotten Tomatoes,92%,Metacritic,89/100,89,8.3,"972,641",tt0338013,movie,28-Sep-04,"$34,400,301 ",,,TRUE
2001: A Space Odyssey,1968,G,24-Jun-70,149 min,"Adventure, Sci-Fi",Stanley Kubrick,"Stanley Kubrick, Arthur C. Clarke","Keir Dullea, Gary Lockwood, William Sylvester","The Monoliths push humanity to reach for the stars; after their discovery in Africa generations ago, the mysterious objects lead mankind on an awesome journey to Jupiter, with the help of H.A.L. 9000: the world's greatest supercomput","English, Russian, French","United Kingdom, United States",Won 1 Oscar. 16 wins & 12 nominations total,https://m.media-amazon.com/images/M/MV5BMmNlYzRiNDctZWNhMi00MzI4LThkZTctMTUzMmZkMmFmNThmXkEyXkFqcGdeQXVyNzkwMjQ5NzM@._V1_SX300.jpg,Internet Movie Database,8.3/10,Rotten Tomatoes,92%,Metacritic,84/100,84,8.3,"647,441",tt0062622,movie,23-Oct-07,"$60,481,243 ",,,TRUE
High and Low,1963,Not Rated,26-Nov-63,143 min,"Crime, Drama, Mystery",Akira Kurosawa,"Hideo Oguni, Ryûzô Kikushima, Eijirô Hisaita","Toshirô Mifune, Yutaka Sada, Tatsuya Nakadai",An executive of a Yokohama shoe company becomes a victim of extortion when his chauffeur's son is kidnapped by mistake and held for ransom.,Japanese,Japan,3 wins & 3 nominations,https://m.media-amazon.com/images/M/MV5BOTI4NTNhZDMtMWNkZi00MTRmLWJmZDQtMmJkMGVmZTEzODlhXkEyXkFqcGdeQXVyNjc1NTYyMjg@._V1_SX300.jpg,Internet Movie Database,8.4/10,Rotten Tomatoes,95%,,,,8.4,"42,095",tt0057565,movie,22-Jul-08,"$46,808 ",,,TRUE
Citizen Kane,1941,PG,5-Sep-41,119 min,"Drama, Mystery",Orson Welles,"Herman J. Mankiewicz, Orson Welles, John Houseman","Orson Welles, Joseph Cotten, Dorothy Comingore","Following the death of publishing tycoon Charles Foster Kane, reporters scramble to uncover the meaning of his final utterance; 'Rosebud'.","English, Italian",United States,Won 1 Oscar. 11 wins & 13 nominations total,https://m.media-amazon.com/images/M/MV5BYjBiOTYxZWItMzdiZi00NjlkLWIzZTYtYmFhZjhiMTljOTdkXkEyXkFqcGdeQXVyNzkwMjQ5NzM@._V1_SX300.jpg,Internet Movie Database,8.3/10,Rotten Tomatoes,99%,Metacritic,100/100,100,8.3,"432,171",tt0033467,movie,23-Feb-10,"$1,627,530 ",,,TRUE
Lawrence of Arabia,1962,Approved,11-Dec-62,218 min,"Adventure, Biography, Drama",David Lean,"Robert Bolt, Michael Wilson","Peter O'Toole, Alec Guinness, Anthony Quinn","The story of T.E. Lawrence, the English officer who successfully united and led the diverse, often warring, Arab tribes during World War I in order to fight the Turks.","English, Arabic, Turkish",United Kingdom,Won 7 Oscars. 31 wins & 15 nominations total,https://m.media-amazon.com/images/M/MV5BYWY5ZjhjNGYtZmI2Ny00ODM0LWFkNzgtZmI1YzA2N2MxMzA0XkEyXkFqcGdeQXVyNjUwNzk3NDc@._V1_SX300.jpg,Internet Movie Database,8.3/10,Rotten Tomatoes,94%,Metacritic,100/100,100,8.3,"285,993",tt0056172,movie,3-Apr-01,"$45,306,425 ",,,TRUE
Capernaum,2018,R,20-Sep-18,126 min,Drama,Nadine Labaki,"Nadine Labaki, Jihad Hojeily, Michelle Keserwany","Zain Al Rafeea, Yordanos Shiferaw, Boluwatife Treasure Bankole","While serving a five-year sentence for a violent crime, a 12-year-old boy sues his parents for neglect.","Arabic, Amharic","Lebanon, France, Cyprus, Qatar, United Kingdom",Nominated for 1 Oscar. 35 wins & 53 nominations total,https://m.media-amazon.com/images/M/MV5BMmExNzU2ZWMtYzUwYi00YmM2LTkxZTQtNmVhNjY0NTMyMWI2XkEyXkFqcGdeQXVyMTMxODk2OTU@._V1_SX300.jpg,Internet Movie Database,8.4/10,Rotten Tomatoes,90%,Metacritic,75/100,75,8.4,"82,927",tt8267604,movie,26-Mar-19,"$1,661,096 ",,,TRUE
M,1931,Passed,31-Aug-31,99 min,"Crime, Mystery, Thriller",Fritz Lang,"Thea von Harbou, Fritz Lang, Egon Jacobsohn","Peter Lorre, Ellen Widmann, Inge Landgut","When the police in a German city are unable to catch a child-murderer, other criminals join in the manhunt.",German,Germany,2 wins,https://m.media-amazon.com/images/M/MV5BODA4ODk3OTEzMF5BMl5BanBnXkFtZTgwMTQ2ODMwMzE@._V1_SX300.jpg,Internet Movie Database,8.3/10,,,,,,8.3,"154,488",tt0022100,movie,,"$35,566 ",,,TRUE
North by Northwest,1959,Approved,18-Dec-59,136 min,"Adventure, Mystery, Thriller",Alfred Hitchcock,Ernest Lehman,"Cary Grant, Eva Marie Saint, James Mason","A New York City advertising executive goes on the run after being mistaken for a government agent by a group of foreign spies, and falls for a woman whose loyalties he begins to doubt.","English, French",United States,Nominated for 3 Oscars. 8 wins & 10 nominations total,https://m.media-amazon.com/images/M/MV5BZDA3NDExMTUtMDlhOC00MmQ5LWExZGUtYmI1NGVlZWI4OWNiXkEyXkFqcGdeQXVyNjc1NTYyMjg@._V1_SX300.jpg,Internet Movie Database,8.3/10,Rotten Tomatoes,97%,Metacritic,98/100,98,8.3,"320,051",tt0053125,movie,3-Nov-09,"$66,728 ",,,TRUE
The Hunt,2012,R,10-Jan-13,115 min,Drama,Thomas Vinterberg,"Tobias Lindholm, Thomas Vinterberg","Mads Mikkelsen, Thomas Bo Larsen, Annika Wedderkopp","A teacher lives a lonely life, all the while struggling over his son's custody. His life slowly gets better as he finds love and receives good news from his son, but his new luck is about to be brutally shattered by an innocent littl","Danish, English, Polish","Denmark, Sweden",Nominated for 1 Oscar. 38 wins & 73 nominations total,https://m.media-amazon.com/images/M/MV5BMTg2NDg3ODg4NF5BMl5BanBnXkFtZTcwNzk3NTc3Nw@@._V1_SX300.jpg,Internet Movie Database,8.3/10,Rotten Tomatoes,93%,Metacritic,77/100,77,8.3,"316,835",tt2106476,movie,12-Jul-14,"$613,308 ",,,TRUE
Vertigo,1958,PG,22-May-58,128 min,"Mystery, Romance, Thriller",Alfred Hitchcock,"Alec Coppel, Samuel A. Taylor, Pierre Boileau","James Stewart, Kim Novak, Barbara Bel Geddes","A former San Francisco police detective juggles wrestling with his personal demons and becoming obsessed with the hauntingly beautiful woman he has been hired to trail, who may be deeply disturbed.",English,United States,Nominated for 2 Oscars. 8 wins & 7 nominations total,https://m.media-amazon.com/images/M/MV5BYTE4ODEwZDUtNDFjOC00NjAxLWEzYTQtYTI1NGVmZmFlNjdiL2ltYWdlL2ltYWdlXkEyXkFqcGdeQXVyNjc1NTYyMjg@._V1_SX300.jpg,Internet Movie Database,8.3/10,Rotten Tomatoes,94%,Metacritic,100/100,100,8.3,"391,838",tt0052357,movie,25-Jan-01,"$7,705,225 ",,,TRUE
Amélie,2001,R,8-Feb-02,122 min,"Comedy, Romance",Jean-Pierre Jeunet,"Guillaume Laurant, Jean-Pierre Jeunet","Audrey Tautou, Mathieu Kassovitz, Rufus","Amélie is an innocent and naive girl in Paris with her own sense of justice. She decides to help those around her and, along the way, discovers love.","French, Russian, English","France, Germany",Nominated for 5 Oscars. 59 wins & 74 nominations total,https://m.media-amazon.com/images/M/MV5BNDg4NjM1YjMtYmNhZC00MjM0LWFiZmYtNGY1YjA3MzZmODc5XkEyXkFqcGdeQXVyNDk3NzU2MTQ@._V1_SX300.jpg,Internet Movie Database,8.3/10,Rotten Tomatoes,89%,Metacritic,69/100,69,8.3,"739,731",tt0211915,movie,16-Jul-02,"$33,225,499 ",,,TRUE
A Clockwork Orange,1971,X,2-Feb-72,136 min,"Crime, Sci-Fi",Stanley Kubrick,"Stanley Kubrick, Anthony Burgess","Malcolm McDowell, Patrick Magee, Michael Bates","In the future, a sadistic gang leader is imprisoned and volunteers for a conduct-aversion experiment, but it doesn't go as planned.",English,"United Kingdom, United States",Nominated for 4 Oscars. 12 wins & 24 nominations total,https://m.media-amazon.com/images/M/MV5BMTY3MjM1Mzc4N15BMl5BanBnXkFtZTgwODM0NzAxMDE@._V1_SX300.jpg,Internet Movie Database,8.3/10,Rotten Tomatoes,87%,Metacritic,77/100,77,8.3,"805,089",tt0066921,movie,23-Oct-07,"$26,617,553 ",,,TRUE
Full Metal Jacket,1987,R,10-Jul-87,116 min,"Drama, War",Stanley Kubrick,"Stanley Kubrick, Michael Herr, Gustav Hasford","Matthew Modine, R. Lee Ermey, Vincent D'Onofrio",A pragmatic U.S. Marine observes the dehumanizing effects the Vietnam War has on his fellow recruits from their brutal boot camp training to the bloody street fighting in Hue.,"English, Vietnamese","United Kingdom, United States",Nominated for 1 Oscar. 8 wins & 15 nominations total,https://m.media-amazon.com/images/M/MV5BNzkxODk0NjEtYjc4Mi00ZDI0LTgyYjEtYzc1NDkxY2YzYTgyXkEyXkFqcGdeQXVyNzkwMjQ5NzM@._V1_SX300.jpg,Internet Movie Database,8.3/10,Rotten Tomatoes,91%,Metacritic,76/100,76,8.3,"719,680",tt0093058,movie,12-Jun-01,"$46,357,676 ",,,TRUE
Scarface,1983,R,9-Dec-83,170 min,"Crime, Drama",Brian De Palma,"Oliver Stone, Howard Hawks, Ben Hecht","Al Pacino, Michelle Pfeiffer, Steven Bauer","In 1980 Miami, a determined Cuban immigrant takes over a drug cartel and succumbs to greed.","English, Spanish",United States,8 nominations,https://m.media-amazon.com/images/M/MV5BNjdjNGQ4NDEtNTEwYS00MTgxLTliYzQtYzE2ZDRiZjFhZmNlXkEyXkFqcGdeQXVyNjU0OTQ0OTY@._V1_SX300.jpg,Internet Movie Database,8.3/10,Rotten Tomatoes,81%,Metacritic,65/100,65,8.3,"803,344",tt0086250,movie,30-Sep-03,"$45,408,703 ",,,TRUE
Come and See,1985,Not Rated,3-Sep-85,142 min,"Drama, Thriller, War",Elem Klimov,"Ales Adamovich, Elem Klimov","Aleksey Kravchenko, Olga Mironova, Liubomiras Laucevicius","After finding an old rifle, a young boy joins the Soviet resistance movement against ruthless German forces and experiences the horrors of World War II.","Russian, Belarusian, German",Soviet Union,3 wins,https://m.media-amazon.com/images/M/MV5BODM4Njg0NTAtYjI5Ny00ZjAxLTkwNmItZTMxMWU5M2U3M2RjXkEyXkFqcGdeQXVyNzkwMjQ5NzM@._V1_SX300.jpg,Internet Movie Database,8.4/10,Rotten Tomatoes,97%,,,,8.4,"73,245",tt0091251,movie,22-Mar-07,"$71,909 ",,,TRUE
Double Indemnity,1944,Passed,6-Jul-44,107 min,"Crime, Drama, Film-Noir",Billy Wilder,"Billy Wilder, Raymond Chandler, James M. Cain","Fred MacMurray, Barbara Stanwyck, Edward G. Robinson","A Los Angeles insurance representative lets an alluring housewife seduce him into a scheme of insurance fraud and murder that arouses the suspicion of his colleague, an insurance investigator.",English,United States,Nominated for 7 Oscars. 2 wins & 9 nominations total,https://m.media-amazon.com/images/M/MV5BOTdlNjgyZGUtOTczYi00MDdhLTljZmMtYTEwZmRiOWFkYjRhXkEyXkFqcGdeQXVyNDY2MTk1ODk@._V1_SX300.jpg,Internet Movie Database,8.3/10,Rotten Tomatoes,97%,Metacritic,95/100,95,8.3,"153,321",tt0036775,movie,29-Aug-06,,,,TRUE
The Apartment,1960,Approved,29-Jun-60,125 min,"Comedy, Drama, Romance",Billy Wilder,"Billy Wilder, I.A.L. Diamond","Jack Lemmon, Shirley MacLaine, Fred MacMurray","A Manhattan insurance clerk tries to rise in his company by letting its executives use his apartment for trysts, but complications and a romance of his own ensue.",English,United States,Won 5 Oscars. 24 wins & 8 nominations total,https://m.media-amazon.com/images/M/MV5BNzkwODFjNzItMmMwNi00MTU5LWE2MzktM2M4ZDczZGM1MmViXkEyXkFqcGdeQXVyNDY2MTk1ODk@._V1_SX300.jpg,Internet Movie Database,8.3/10,Rotten Tomatoes,93%,Metacritic,94/100,94,8.3,"177,131",tt0053604,movie,4-Mar-08,"$18,600,000 ",,,TRUE
Taxi Driver,1976,R,9-Feb-76,114 min,"Crime, Drama",Martin Scorsese,Paul Schrader,"Robert De Niro, Jodie Foster, Cybill Shepherd","A mentally unstable veteran works as a nighttime taxi driver in New York City, where the perceived decadence and sleaze fuels his urge for violent action.","English, Spanish",United States,Nominated for 4 Oscars. 22 wins & 20 nominations total,https://m.media-amazon.com/images/M/MV5BM2M1MmVhNDgtNmI0YS00ZDNmLTkyNjctNTJiYTQ2N2NmYzc2XkEyXkFqcGdeQXVyNzkwMjQ5NzM@._V1_SX300.jpg,Internet Movie Database,8.2/10,Rotten Tomatoes,96%,Metacritic,94/100,94,8.2,"789,137",tt0075314,movie,14-Aug-07,"$28,262,574 ",,,TRUE
To Kill a Mockingbird,1962,Approved,16-Mar-63,129 min,"Crime, Drama",Robert Mulligan,"Harper Lee, Horton Foote","Gregory Peck, John Megna, Frank Overton","Atticus Finch, a widowed lawyer in Depression-era Alabama, defends a black man against an undeserved rape charge, and his children against prejudice.",English,United States,Won 3 Oscars. 14 wins & 16 nominations total,https://m.media-amazon.com/images/M/MV5BNmVmYzcwNzMtMWM1NS00MWIyLThlMDEtYzUwZDgzODE1NmE2XkEyXkFqcGdeQXVyNzkwMjQ5NzM@._V1_SX300.jpg,Internet Movie Database,8.3/10,Rotten Tomatoes,93%,Metacritic,88/100,88,8.3,"309,885",tt0056592,movie,28-Apr-98,"$592,237 ",,,TRUE
The Sting,1973,PG,25-Dec-73,129 min,"Comedy, Crime, Drama",George Roy Hill,David S. Ward,"Paul Newman, Robert Redford, Robert Shaw",Two grifters team up to pull off the ultimate con.,English,United States,Won 7 Oscars. 18 wins & 6 nominations total,https://m.media-amazon.com/images/M/MV5BNGU3NjQ4YTMtZGJjOS00YTQ3LThmNmItMTI5MDE2ODI3NzY3XkEyXkFqcGdeQXVyMjUzOTY1NTc@._V1_SX300.jpg,Internet Movie Database,8.3/10,Rotten Tomatoes,94%,Metacritic,83/100,83,8.3,"255,692",tt0070735,movie,31-Mar-98,"$156,000,000 ",,,TRUE
Up,2009,PG,29-May-09,96 min,"Animation, Adventure, Comedy","Pete Docter, Bob Peterson","Pete Docter, Bob Peterson, Tom McCarthy","Edward Asner, Jordan Nagai, John Ratzenberger","78-year-old Carl Fredricksen travels to Paradise Falls in his house equipped with balloons, inadvertently taking a young stowaway.",English,United States,Won 2 Oscars. 79 wins & 87 nominations total,https://m.media-amazon.com/images/M/MV5BMTk3NDE2NzI4NF5BMl5BanBnXkFtZTgwNzE1MzEyMTE@._V1_SX300.jpg,Internet Movie Database,8.2/10,Rotten Tomatoes,98%,Metacritic,88/100,88,8.2,"1,005,054",tt1049413,movie,10-Nov-09,"$293,004,164 ",,,TRUE
L.A. Confidential,1997,R,19-Sep-97,138 min,"Crime, Drama, Mystery",Curtis Hanson,"James Ellroy, Brian Helgeland, Curtis Hanson","Kevin Spacey, Russell Crowe, Guy Pearce","As corruption grows in 1950s Los Angeles, three policemen - one strait-laced, one brutal, and one sleazy - investigate a series of murders with their own brand of justice.",English,United States,Won 2 Oscars. 92 wins & 86 nominations total,https://m.media-amazon.com/images/M/MV5BMDQ2YzEyZGItYWRhOS00MjBmLTkzMDUtMTdjYzkyMmQxZTJlXkEyXkFqcGdeQXVyNjU0OTQ0OTY@._V1_SX300.jpg,Internet Movie Database,8.2/10,Rotten Tomatoes,99%,Metacritic,90/100,90,8.2,"568,238",tt0119488,movie,23-Sep-08,"$64,616,940 ",,,TRUE
Hamilton,2020,PG-13,3-Jul-20,160 min,"Biography, Drama, History",Thomas Kail,"Lin-Manuel Miranda, Ron Chernow","Lin-Manuel Miranda, Phillipa Soo, Leslie Odom Jr.","The real life of one of America's foremost founding fathers and first Secretary of the Treasury, Alexander Hamilton. Captured live on Broadway from the Richard Rodgers Theater with the original Broadway cast.",English,United States,Won 1 Primetime Emmy. 18 wins & 46 nominations total,https://m.media-amazon.com/images/M/MV5BNjViNWRjYWEtZTI0NC00N2E3LTk0NGQtMjY4NTM3OGNkZjY0XkEyXkFqcGdeQXVyMjUxMTY3ODM@._V1_SX300.jpg,Internet Movie Database,8.4/10,Rotten Tomatoes,98%,Metacritic,90/100,90,8.4,"84,926",tt8503618,movie,3-Jul-20,,,,TRUE
Heat,1995,R,15-Dec-95,170 min,"Action, Crime, Drama",Michael Mann,Michael Mann,"Al Pacino, Robert De Niro, Val Kilmer",A group of high-end professional thieves start to feel the heat from the LAPD when they unknowingly leave a clue at their latest heist.,"English, Spanish",United States,14 nominations,https://m.media-amazon.com/images/M/MV5BNGMwNzUwNjYtZWM5NS00YzMyLWI4NjAtNjM0ZDBiMzE1YWExXkEyXkFqcGdeQXVyNDk3NzU2MTQ@._V1_SX300.jpg,Internet Movie Database,8.3/10,Rotten Tomatoes,87%,Metacritic,76/100,76,8.3,"629,391",tt0113277,movie,27-Jul-99,"$67,436,818 ",,,TRUE
Ikiru,1952,Not Rated,25-Mar-56,143 min,Drama,Akira Kurosawa,"Akira Kurosawa, Shinobu Hashimoto, Hideo Oguni","Takashi Shimura, Nobuo Kaneko, Shin'ichi Himori",A bureaucrat tries to find meaning in his life after he discovers he has terminal cancer.,Japanese,Japan,Nominated for 1 BAFTA Film Award5 wins & 2 nominations total,https://m.media-amazon.com/images/M/MV5BZTdkN2E5OTYtN2FiMi00YWUwLWEzMGMtZTMzNjY0NjgzYzFiXkEyXkFqcGdeQXVyMTI3ODAyMzE2._V1_SX300.jpg,Internet Movie Database,8.3/10,Rotten Tomatoes,98%,Metacritic,91/100,91,8.3,"76,069",tt0044741,movie,6-Jan-04,"$60,239 ",,,TRUE
Snatch,2000,R,19-Jan-01,102 min,"Comedy, Crime",Guy Ritchie,Guy Ritchie,"Jason Statham, Brad Pitt, Stephen Graham","Unscrupulous boxing promoters, violent bookmakers, a Russian gangster, incompetent amateur robbers and supposedly Jewish jewelers fight to track down a priceless stolen diamond.","English, Russian","United Kingdom, United States",4 wins & 7 nominations,https://m.media-amazon.com/images/M/MV5BMTA2NDYxOGYtYjU1Mi00Y2QzLTgxMTQtMWI1MGI0ZGQ5MmU4XkEyXkFqcGdeQXVyNDk3NzU2MTQ@._V1_SX300.jpg,Internet Movie Database,8.3/10,Rotten Tomatoes,74%,Metacritic,55/100,55,8.3,"832,177",tt0208092,movie,6-May-03,"$30,328,156 ",,,TRUE
Die Hard,1988,R,20-Jul-88,132 min,"Action, Thriller",John McTiernan,"Roderick Thorp, Jeb Stuart, Steven E. de Souza","Bruce Willis, Alan Rickman, Bonnie Bedelia",An NYPD officer tries to save his wife and several others taken hostage by German terrorists during a Christmas party at the Nakatomi Plaza in Los Angeles.,"English, German, Italian, Japanese",United States,Nominated for 4 Oscars. 8 wins & 6 nominations total,https://m.media-amazon.com/images/M/MV5BZjRlNDUxZjAtOGQ4OC00OTNlLTgxNmQtYTBmMDgwZmNmNjkxXkEyXkFqcGdeQXVyNzkwMjQ5NzM@._V1_SX300.jpg,Internet Movie Database,8.3/10,Rotten Tomatoes,94%,Metacritic,72/100,72,8.3,"852,623",tt0095016,movie,28-Dec-99,"$83,844,093 ",,,TRUE
Indiana Jones and the Last Crusade,1989,PG-13,24-May-89,127 min,"Action, Adventure",Steven Spielberg,"Jeffrey Boam, George Lucas, Menno Meyjes","Harrison Ford, Sean Connery, Alison Doody","In 1938, after his father Professor Henry Jones, Sr. goes missing while pursuing the Holy Grail, Professor Henry ""Indiana"" Jones, Jr. finds himself up against Adolf Hitler's Nazis again to stop them from obtaining its powers.","English, German, Greek, Arabic",United States,Won 1 Oscar. 8 wins & 22 nominations total,https://m.media-amazon.com/images/M/MV5BMjNkMzc2N2QtNjVlNS00ZTk5LTg0MTgtODY2MDAwNTMwZjBjXkEyXkFqcGdeQXVyNDk3NzU2MTQ@._V1_SX300.jpg,Internet Movie Database,8.3/10,Rotten Tomatoes,88%,Metacritic,65/100,65,8.3,"734,249",tt0097576,movie,13-May-08,"$197,171,806 ",,,TRUE
A Separation,2011,PG-13,16-Mar-11,123 min,Drama,Asghar Farhadi,Asghar Farhadi,"Payman Maadi, Leila Hatami, Sareh Bayat",A married couple are faced with a difficult decision - to improve the life of their child by moving to another country or to stay in Iran and look after a deteriorating parent who has Alzheimer's disease.,Persian,"Iran, France, Australia",Won 1 Oscar. 89 wins & 50 nominations total,https://m.media-amazon.com/images/M/MV5BN2JmMjViMjMtZTM5Mi00ZGZkLTk5YzctZDg5MjFjZDE4NjNkXkEyXkFqcGdeQXVyMTMxODk2OTU@._V1_SX300.jpg,Internet Movie Database,8.3/10,Rotten Tomatoes,99%,Metacritic,95/100,95,8.3,"239,750",tt1832382,movie,21-Aug-12,"$7,099,055 ",,,TRUE
Metropolis,1927,Not Rated,13-Mar-27,153 min,"Drama, Sci-Fi",Fritz Lang,"Thea von Harbou, Fritz Lang","Brigitte Helm, Alfred Abel, Gustav Fröhlich","In a futuristic city sharply divided between the working class and the city planners, the son of the city's mastermind falls in love with a working-class prophet who predicts the coming of a savior to mediate their differences.","German, English",Germany,6 wins & 7 nominations,https://m.media-amazon.com/images/M/MV5BMTg5YWIyMWUtZDY5My00Zjc1LTljOTctYmI0MWRmY2M2NmRkXkEyXkFqcGdeQXVyMTMxODk2OTU@._V1_SX300.jpg,Internet Movie Database,8.3/10,Rotten Tomatoes,97%,Metacritic,98/100,98,8.3,"170,498",tt0017136,movie,22-Mar-07,"$1,236,166 ",,,TRUE
Bicycle Thieves,1948,Not Rated,13-Dec-49,89 min,Drama,Vittorio De Sica,"Cesare Zavattini, Luigi Bartolini, Oreste Biancoli","Lamberto Maggiorani, Enzo Staiola, Lianella Carell","In post-war Italy, a working-class man's bicycle is stolen, endangering his efforts to find work. He and his son set out to find it.","Italian, English, German",Italy,Won 1 Oscar. 20 wins & 3 nominations total,https://m.media-amazon.com/images/M/MV5BNmI1ODdjODctMDlmMC00ZWViLWI5MzYtYzRhNDdjYmM3MzFjXkEyXkFqcGdeQXVyMTMxODk2OTU@._V1_SX300.jpg,Internet Movie Database,8.3/10,Rotten Tomatoes,99%,,,,8.3,"159,912",tt0040522,movie,12-Aug-03,"$371,111 ",,,TRUE
Incendies,2010,R,12-Jan-11,131 min,"Drama, Mystery, War",Denis Villeneuve,"Denis Villeneuve, Wajdi Mouawad, Valérie Beaugrand-Champagne","Lubna Azabal, Mélissa Désormeaux-Poulin, Maxim Gaudette",Twins journey to the Middle East to discover their family history and fulfill their mother's last wishes.,"French, Arabic, English","Canada, France",Nominated for 1 Oscar. 40 wins & 18 nominations total,https://m.media-amazon.com/images/M/MV5BMWE3MGYzZjktY2Q5Mi00Y2NiLWIyYWUtMmIyNzA3YmZlMGFhXkEyXkFqcGdeQXVyMTMxODk2OTU@._V1_SX300.jpg,Internet Movie Database,8.3/10,Rotten Tomatoes,92%,Metacritic,80/100,80,8.3,"170,523",tt1255953,movie,15-Mar-11,"$2,071,334 ",,,TRUE
1917,2019,R,10-Jan-20,119 min,"Action, Drama, War",Sam Mendes,"Sam Mendes, Krysty Wilson-Cairns","Dean-Charles Chapman, George MacKay, Daniel Mays","April 6th, 1917. As an infantry battalion assembles to wage war deep in enemy territory, two soldiers are assigned to race against time and deliver a message that will stop 1,600 men from walking straight into a deadly trap.","English, French, German","United Kingdom, United States, India, Spain",Won 3 Oscars. 134 wins & 206 nominations total,https://m.media-amazon.com/images/M/MV5BOTdmNTFjNDEtNzg0My00ZjkxLTg1ZDAtZTdkMDc2ZmFiNWQ1XkEyXkFqcGdeQXVyNTAzNzgwNTg@._V1_SX300.jpg,Internet Movie Database,8.3/10,Rotten Tomatoes,88%,Metacritic,78/100,78,8.3,"540,419",tt8579674,movie,25-Dec-19,"$159,227,644 ",,,TRUE
Like Stars on Earth,2007,PG,21-Dec-07,165 min,"Drama, Family","Aamir Khan, Amole Gupte",Amole Gupte,"Darsheel Safary, Aamir Khan, Tisca Chopra","An eight-year-old boy is thought to be a lazy trouble-maker, until the new art teacher has the patience and compassion to discover the real problem behind his struggles in school.",Hindi,India,23 wins & 14 nominations,https://m.media-amazon.com/images/M/MV5BMDhjZWViN2MtNzgxOS00NmI4LThiZDQtZDI3MzM4MDE4NTc0XkEyXkFqcGdeQXVyMTMxODk2OTU@._V1_SX300.jpg,Internet Movie Database,8.4/10,Rotten Tomatoes,92%,,,,8.4,"186,810",tt0986264,movie,12-Jan-10,"$1,223,869 ",,,TRUE
Batman Begins,2005,PG-13,15-Jun-05,140 min,"Action, Crime, Drama",Christopher Nolan,"Bob Kane, David S. Goyer, Christopher Nolan","Christian Bale, Michael Caine, Ken Watanabe","After training with his mentor, Batman begins his fight to free crime-ridden Gotham City from corruption.","English, Mandarin","United States, United Kingdom",Nominated for 1 Oscar. 13 wins & 79 nominations total,https://m.media-amazon.com/images/M/MV5BOTY4YjI2N2MtYmFlMC00ZjcyLTg3YjEtMDQyM2ZjYzQ5YWFkXkEyXkFqcGdeQXVyMTQxNzMzNDI@._V1_SX300.jpg,Internet Movie Database,8.3/10,Rotten Tomatoes,84%,Metacritic,70/100,70,8.3,"1,407,083",tt0372784,movie,18-Oct-05,"$206,863,479 ",,,TRUE
For a Few Dollars More,1965,R,10-May-67,132 min,Western,Sergio Leone,"Sergio Leone, Fulvio Morsella, Luciano Vincenzoni","Clint Eastwood, Lee Van Cleef, Gian Maria Volontè",Two bounty hunters with the same intentions team up to track down an escaped Mexican outlaw.,"Italian, English","Italy, Spain, West Germany",2 nominations,https://m.media-amazon.com/images/M/MV5BNWM1NmYyM2ItMTFhNy00NDU0LThlYWUtYjQyYTJmOTY0ZmM0XkEyXkFqcGdeQXVyNjU0OTQ0OTY@._V1_SX300.jpg,Internet Movie Database,8.3/10,Rotten Tomatoes,91%,Metacritic,74/100,74,8.3,"249,702",tt0059578,movie,1-Aug-06,"$15,000,000 ",,,TRUE
Dangal,2016,Not Rated,21-Dec-16,161 min,"Action, Biography, Drama",Nitesh Tiwari,"Piyush Gupta, Shreyas Jain, Nikhil Mehrotra","Aamir Khan, Sakshi Tanwar, Fatima Sana Shaikh",Former wrestler Mahavir Singh Phogat and his two wrestler daughters struggle towards glory at the Commonwealth Games in the face of societal oppression.,"Hindi, English","India, United States",29 wins & 16 nominations,https://m.media-amazon.com/images/M/MV5BMTQ4MzQzMzM2Nl5BMl5BanBnXkFtZTgwMTQ1NzU3MDI@._V1_SX300.jpg,Internet Movie Database,8.4/10,Rotten Tomatoes,88%,,,,8.4,"180,533",tt5074352,movie,22-Jun-17,"$12,391,761 ",,,TRUE
Downfall,2004,R,8-Apr-05,156 min,"Biography, Drama, History",Oliver Hirschbiegel,"Bernd Eichinger, Joachim Fest, Traudl Junge","Bruno Ganz, Alexandra Maria Lara, Ulrich Matthes","Traudl Junge, the final secretary for Adolf Hitler, tells of the Nazi dictator's final days in his Berlin bunker at the end of WWII.","German, Russian, French, English","Germany, Austria, Italy",Nominated for 1 Oscar. 22 wins & 34 nominations total,https://m.media-amazon.com/images/M/MV5BMTU0NTU5NTAyMl5BMl5BanBnXkFtZTYwNzYwMDg2._V1_SX300.jpg,Internet Movie Database,8.2/10,Rotten Tomatoes,90%,Metacritic,82/100,82,8.2,"348,764",tt0363163,movie,2-Aug-05,"$5,509,040 ",,,TRUE
The Kid,1921,Passed,6-Feb-21,68 min,"Comedy, Drama, Family",Charles Chaplin,Charles Chaplin,"Charles Chaplin, Edna Purviance, Jackie Coogan","The Tramp cares for an abandoned child, but events put that relationship in jeopardy.",English,United States,2 wins,https://m.media-amazon.com/images/M/MV5BZjhhMThhNDItNTY2MC00MmU1LTliNDEtNDdhZjdlNTY5ZDQ1XkEyXkFqcGdeQXVyNjc1NTYyMjg@._V1_SX300.jpg,Internet Movie Database,8.3/10,Rotten Tomatoes,100%,,,,8.3,"123,829",tt0012349,movie,1-May-05,,,,TRUE
Some Like It Hot,1959,Passed,19-Mar-59,121 min,"Comedy, Music, Romance",Billy Wilder,"Billy Wilder, I.A.L. Diamond, Robert Thoeren","Marilyn Monroe, Tony Curtis, Jack Lemmon","After two male musicians witness a mob hit, they flee the state in an all-female band disguised as women, but further complications set in.",English,United States,Won 1 Oscar. 15 wins & 15 nominations total,https://m.media-amazon.com/images/M/MV5BNzAyOGIxYjAtMGY2NC00ZTgyLWIwMWEtYzY0OWQ4NDFjOTc5XkEyXkFqcGdeQXVyNjU0OTQ0OTY@._V1_SX300.jpg,Internet Movie Database,8.2/10,Rotten Tomatoes,94%,Metacritic,98/100,98,8.2,"260,808",tt0053291,movie,18-Jul-06,,,,TRUE
The Batman,2022,PG-13,4-Mar-22,176 min,"Action, Crime, Drama",Matt Reeves,"Matt Reeves, Peter Craig, Bill Finger","Robert Pattinson, Zoë Kravitz, Jeffrey Wright","When the Riddler, a sadistic serial killer, begins murdering key political figures in Gotham, Batman is forced to investigate the city's hidden corruption and question his family's involvement.",English,United States,3 nominations,https://m.media-amazon.com/images/M/MV5BMDdmMTBiNTYtMDIzNi00NGVlLWIzMDYtZTk3MTQ3NGQxZGEwXkEyXkFqcGdeQXVyMzMwOTU5MDk@._V1_SX300.jpg,Internet Movie Database,8.4/10,Rotten Tomatoes,85%,Metacritic,72/100,72,8.4,"224,141",tt1877830,movie,19-Apr-22,"$239,032,047 ",,,TRUE
The Father,2020,PG-13,26-Feb-21,97 min,"Drama, Mystery",Florian Zeller,"Christopher Hampton, Florian Zeller","Anthony Hopkins, Olivia Colman, Mark Gatiss","A man refuses all assistance from his daughter as he ages. As he tries to make sense of his changing circumstances, he begins to doubt his loved ones, his own mind and even the fabric of his reality.",English,"United Kingdom, France, United States",Won 2 Oscars. 34 wins & 157 nominations total,https://m.media-amazon.com/images/M/MV5BZGJhNWRiOWQtMjI4OS00ZjcxLTgwMTAtMzQ2ODkxY2JkOTVlXkEyXkFqcGdeQXVyMTkxNjUyNQ@@._V1_SX300.jpg,Internet Movie Database,8.3/10,Rotten Tomatoes,98%,Metacritic,88/100,88,8.3,"129,963",tt10272386,movie,25-Mar-21,"$2,122,771 ",,,TRUE
All About Eve,1950,Passed,27-Oct-50,138 min,Drama,Joseph L. Mankiewicz,"Joseph L. Mankiewicz, Mary Orr","Bette Davis, Anne Baxter, George Sanders",A seemingly timid but secretly ruthless ingénue insinuates herself into the lives of an aging Broadway star and her circle of theater friends.,"English, French",United States,Won 6 Oscars. 26 wins & 20 nominations total,https://m.media-amazon.com/images/M/MV5BMTY2MTAzODI5NV5BMl5BanBnXkFtZTgwMjM4NzQ0MjE@._V1_SX300.jpg,Internet Movie Database,8.3/10,Rotten Tomatoes,99%,Metacritic,98/100,98,8.3,"128,939",tt0042192,movie,5-Feb-04,"$63,463 ",,,TRUE
The Wolf of Wall Street,2013,R,25-Dec-13,180 min,"Biography, Comedy, Crime",Martin Scorsese,"Terence Winter, Jordan Belfort","Leonardo DiCaprio, Jonah Hill, Margot Robbie","Based on the true story of Jordan Belfort, from his rise to a wealthy stock-broker living the high life to his fall involving crime, corruption and the federal government.","English, French",United States,Nominated for 5 Oscars. 37 wins & 179 nominations total,https://m.media-amazon.com/images/M/MV5BMjIxMjgxNTk0MF5BMl5BanBnXkFtZTgwNjIyOTg2MDE@._V1_SX300.jpg,Internet Movie Database,8.2/10,Rotten Tomatoes,79%,Metacritic,75/100,75,8.2,"1,327,178",tt0993846,movie,25-Mar-14,"$116,900,694 ",,,TRUE
Green Book,2018,PG-13,16-Nov-18,130 min,"Biography, Comedy, Drama",Peter Farrelly,"Nick Vallelonga, Brian Hayes Currie, Peter Farrelly","Viggo Mortensen, Mahershala Ali, Linda Cardellini",A working-class Italian-American bouncer becomes the driver of an African-American classical pianist on a tour of venues through the 1960s American South.,"English, Italian, Russian, German","United States, China",Won 3 Oscars. 59 wins & 124 nominations total,https://m.media-amazon.com/images/M/MV5BYzIzYmJlYTYtNGNiYy00N2EwLTk4ZjItMGYyZTJiOTVkM2RlXkEyXkFqcGdeQXVyODY1NDk1NjE@._V1_SX300.jpg,Internet Movie Database,8.2/10,Rotten Tomatoes,77%,Metacritic,69/100,69,8.2,"456,971",tt6966692,movie,12-Mar-19,"$85,080,171 ",,,TRUE
